[
  {"code": "AND", "name": "Andorre"},
  {"code": "ARE", "name": "Émirats arabes unis"},
  {"code": "AFG", "name": "Afghanistan"},
  {"code": "ATG", "name": "Antigua-et-Barbuda"},
  {"code": "AIA", "name": "Anguilla"},
  {"code": "ALB", "name": "Albanie"},
  {"code": "ARM", "name": "Arménie"},
  {"code": "AGO", "name": "Angola"},
  {"code": "ATA", "name": "Antarctique"},
  {"code": "ARG", "name": "Argentine"},
  {"code": "ASM", "name": "Samoa américaines"},
  {"code": "AUT", "name": "Autriche"},
  {"code": "AUS", "name": "Australie"},
  {"code": "ABW", "name": "Aruba"},
  {"code": "ALA", "name": "Îles Åland"},
  {"code": "AZE", "name": "Azerbaïdjan"},
  {"code": "BIH", "name": "Bosnie-Herzégovine"},
  {"code": "BRB", "name": "Barbade"},
  {"code": "BGD", "name": "Bangladesh"},
  {"code": "BEL", "name": "Belgique"},
  {"code": "BFA", "name": "Burkina Faso"},
  {"code": "BGR", "name": "Bulgarie"},
  {"code": "BHR", "name": "Bahreïn"},
  {"code": "BDI", "name": "Burundi"},
  {"code": "BEN", "name": "Bénin"},
  {"code": "BLM", "name": "Saint-Barthélemy"},
  {"code": "BMU", "name": "Bermudes"},
  {"code": "BRN", "name": "Brunei"},
  {"code": "BOL", "name": "Bolivie"},
  {"code": "BES", "name": "Pays-Bas caribéens"},
  {"code": "BRA", "name": "Brésil"},
  {"code": "BHS", "name": "Bahamas"},
  {"code": "BTN", "name": "Bhoutan"},
  {"code": "BVT", "name": "Île Bouvet"},
  {"code": "BWA", "name": "Botswana"},
  {"code": "BLR", "name": "Biélorussie"},
  {"code": "BLZ", "name": "Belize"},
  {"code": "CAN", "name": "Canada"},
  {"code": "CCK", "name": "Îles Cocos"},
  {"code": "COD", "name": "République démocratique du Congo"},
  {"code": "CAF", "name": "République centrafricaine"},
  {"code": "COG", "name": "République du Congo"},
  {"code": "CHE", "name": "Suisse"},
  {"code": "CIV", "name": "Côte d'Ivoire"},
  {"code": "COK", "name": "Îles Cook"},
  {"code": "CHL", "name": "Chili"},
  {"code": "CMR", "name": "Cameroun"},
  {"code": "CHN", "name": "Chine"},
  {"code": "COL", "name": "Colombie"},
  {"code": "CRI", "name": "Costa Rica"},
  {"code": "CUB", "name": "Cuba"},
  {"code": "CPV", "name": "Cap-Vert"},
  {"code": "CUW", "name": "Curaçao"},
  {"code": "CXR", "name": "Île Christmas"},
  {"code": "CYP", "name": "Chypre"},
  {"code": "CZE", "name": "République tchèque"},
  {"code": "DEU", "name": "Allemagne"},
  {"code": "DJI", "name": "Djibouti"},
  {"code": "DNK", "name": "Danemark"},
  {"code": "DMA", "name": "Dominique"},
  {"code": "DOM", "name": "République dominicaine"},
  {"code": "DZA", "name": "Algérie"},
  {"code": "ECU", "name": "Équateur"},
  {"code": "EST", "name": "Estonie"},
  {"code": "EGY", "name": "Égypte"},
  {"code": "ESH", "name": "République arabe sahraouie démocratique"},
  {"code": "ERI", "name": "Érythrée"},
  {"code": "ESP", "name": "Espagne"},
  {"code": "ETH", "name": "Éthiopie"},
  {"code": "FIN", "name": "Finlande"},
  {"code": "FJI", "name": "Fidji"},
  {"code": "FLK", "name": "Malouines"},
  {"code": "FSM", "name": "Micronésie"},
  {"code": "FRO", "name": "Îles Féroé"},
  {"code": "FRA", "name": "France"},
  {"code": "GAB", "name": "Gabon"},
  {"code": "GBR", "name": "Royaume-Uni"},
  {"code": "GRD", "name": "Grenade"},
  {"code": "GEO", "name": "Géorgie"},
  {"code": "GUF", "name": "Guyane"},
  {"code": "GGY", "name": "Guernesey"},
  {"code": "GHA", "name": "Ghana"},
  {"code": "GIB", "name": "Gibraltar"},
  {"code": "GRL", "name": "Groenland"},
  {"code": "GMB", "name": "Gambie"},
  {"code": "GIN", "name": "Guinée"},
  {"code": "GLP", "name": "Guadeloupe"},
  {"code": "GNQ", "name": "Guinée équatoriale"},
  {"code": "GRC", "name": "Grèce"},
  {"code": "SGS", "name": "Géorgie du Sud-et-les Îles Sandwich du Sud"},
  {"code": "GTM", "name": "Guatemala"},
  {"code": "GUM", "name": "Guam"},
  {"code": "GNB", "name": "Guinée-Bissau"},
  {"code": "GUY", "name": "Guyana"},
  {"code": "HKG", "name": "Hong Kong"},
  {"code": "HMD", "name": "Îles Heard-et-MacDonald"},
  {"code": "HND", "name": "Honduras"},
  {"code": "HRV", "name": "Croatie"},
  {"code": "HTI", "name": "Haïti"},
  {"code": "HUN", "name": "Hongrie"},
  {"code": "IDN", "name": "Indonésie"},
  {"code": "IRL", "name": "Irlande"},
  {"code": "ISR", "name": "Israël"},
  {"code": "IMN", "name": "Île de Man"},
  {"code": "IND", "name": "Inde"},
  {"code": "IOT", "name": "Territoire britannique de l'océan Indien"},
  {"code": "IRQ", "name": "Irak"},
  {"code": "IRN", "name": "Iran"},
  {"code": "ISL", "name": "Islande"},
  {"code": "ITA", "name": "Italie"},
  {"code": "JEY", "name": "Jersey"},
  {"code": "JAM", "name": "Jamaïque"},
  {"code": "JOR", "name": "Jordanie"},
  {"code": "JPN", "name": "Japon"},
  {"code": "KEN", "name": "Kenya"},
  {"code": "KGZ", "name": "Kirghizistan"},
  {"code": "KHM", "name": "Cambodge"},
  {"code": "KIR", "name": "Kiribati"},
  {"code": "COM", "name": "Comores"},
  {"code": "KNA", "name": "Saint-Christophe-et-Niévès"},
  {"code": "PRK", "name": "Corée du Nord"},
  {"code": "KOR", "name": "Corée du Sud"},
  {"code": "KWT", "name": "Koweït"},
  {"code": "CYM", "name": "Îles Caïmans"},
  {"code": "KAZ", "name": "Kazakhstan"},
  {"code": "LAO", "name": "Laos"},
  {"code": "LBN", "name": "Liban"},
  {"code": "LCA", "name": "Sainte-Lucie"},
  {"code": "LIE", "name": "Liechtenstein"},
  {"code": "LKA", "name": "Sri Lanka"},
  {"code": "LBR", "name": "Liberia"},
  {"code": "LSO", "name": "Lesotho"},
  {"code": "LTU", "name": "Lituanie"},
  {"code": "LUX", "name": "Luxembourg"},
  {"code": "LVA", "name": "Lettonie"},
  {"code": "LBY", "name": "Libye"},
  {"code": "MAR", "name": "Maroc"},
  {"code": "MCO", "name": "Monaco"},
  {"code": "MDA", "name": "Moldavie"},
  {"code": "MNE", "name": "Monténégro"},
  {"code": "MAF", "name": "Saint-Martin"},
  {"code": "MDG", "name": "Madagascar"},
  {"code": "MHL", "name": "Îles Marshall"},
  {"code": "MKD", "name": "Macédoine"},
  {"code": "MLI", "name": "Mali"},
  {"code": "MMR", "name": "Birmanie"},
  {"code": "MNG", "name": "Mongolie"},
  {"code": "MAC", "name": "Macao"},
  {"code": "MNP", "name": "Îles Mariannes du Nord"},
  {"code": "MTQ", "name": "Martinique"},
  {"code": "MRT", "name": "Mauritanie"},
  {"code": "MSR", "name": "Montserrat"},
  {"code": "MLT", "name": "Malte"},
  {"code": "MUS", "name": "Maurice"},
  {"code": "MDV", "name": "Maldives"},
  {"code": "MWI", "name": "Malawi"},
  {"code": "MEX", "name": "Mexique"},
  {"code": "MYS", "name": "Malaisie"},
  {"code": "MOZ", "name": "Mozambique"},
  {"code": "NAM", "name": "Namibie"},
  {"code": "NCL", "name": "Nouvelle-Calédonie"},
  {"code": "NER", "name": "Niger"},
  {"code": "NFK", "name": "Île Norfolk"},
  {"code": "NGA", "name": "Nigeria"},
  {"code": "NIC", "name": "Nicaragua"},
  {"code": "NLD", "name": "Pays-Bas"},
  {"code": "NOR", "name": "Norvège"},
  {"code": "NPL", "name": "Népal"},
  {"code": "NRU", "name": "Nauru"},
  {"code": "NIU", "name": "Niue"},
  {"code": "NZL", "name": "Nouvelle-Zélande"},
  {"code": "OMN", "name": "Oman"},
  {"code": "PAN", "name": "Panama"},
  {"code": "PER", "name": "Pérou"},
  {"code": "PYF", "name": "Polynésie française"},
  {"code": "PNG", "name": "Papouasie-Nouvelle-Guinée"},
  {"code": "PHL", "name": "Philippines"},
  {"code": "PAK", "name": "Pakistan"},
  {"code": "POL", "name": "Pologne"},
  {"code": "SPM", "name": "Saint-Pierre-et-Miquelon"},
  {"code": "PCN", "name": "Îles Pitcairn"},
  {"code": "PRI", "name": "Porto Rico"},
  {"code": "PSE", "name": "Palestine"},
  {"code": "PRT", "name": "Portugal"},
  {"code": "PLW", "name": "Palaos"},
  {"code": "PRY", "name": "Paraguay"},
  {"code": "QAT", "name": "Qatar"},
  {"code": "REU", "name": "La Réunion"},
  {"code": "ROU", "name": "Roumanie"},
  {"code": "SRB", "name": "Serbie"},
  {"code": "RUS", "name": "Russie"},
  {"code": "RWA", "name": "Rwanda"},
  {"code": "SAU", "name": "Arabie saoudite"},
  {"code": "SLB", "name": "Salomon"},
  {"code": "SYC", "name": "Seychelles"},
  {"code": "SDN", "name": "Soudan"},
  {"code": "SWE", "name": "Suède"},
  {"code": "SGP", "name": "Singapour"},
  {"code": "SHN", "name": "Sainte-Hélène, Ascension et Tristan da Cunha"},
  {"code": "SVN", "name": "Slovénie"},
  {"code": "SJM", "name": "Svalbard et ile Jan Mayen"},
  {"code": "SVK", "name": "Slovaquie"},
  {"code": "SLE", "name": "Sierra Leone"},
  {"code": "SMR", "name": "Saint-Marin"},
  {"code": "SEN", "name": "Sénégal"},
  {"code": "SOM", "name": "Somalie"},
  {"code": "SUR", "name": "Suriname"},
  {"code": "SSD", "name": "Soudan du Sud"},
  {"code": "STP", "name": "Sao Tomé-et-Principe"},
  {"code": "SLV", "name": "Salvador"},
  {"code": "SXM", "name": "Sint Maarten"},
  {"code": "SYR", "name": "Syrie"},
  {"code": "SWZ", "name": "Swaziland"},
  {"code": "TCA", "name": "Îles Turques-et-Caïques"},
  {"code": "TCD", "name": "Tchad"},
  {"code": "ATF", "name": "Terres australes et antarctiques françaises"},
  {"code": "TGO", "name": "Togo"},
  {"code": "THA", "name": "Thaïlande"},
  {"code": "TJK", "name": "Tadjikistan"},
  {"code": "TKL", "name": "Tokelau"},
  {"code": "TLS", "name": "Timor oriental"},
  {"code": "TKM", "name": "Turkménistan"},
  {"code": "TUN", "name": "Tunisie"},
  {"code": "TON", "name": "Tonga"},
  {"code": "TUR", "name": "Turquie"},
  {"code": "TTO", "name": "Trinité-et-Tobago"},
  {"code": "TUV", "name": "Tuvalu"},
  {"code": "TWN", "name": "Taïwan"},
  {"code": "TZA", "name": "Tanzanie"},
  {"code": "UKR", "name": "Ukraine"},
  {"code": "UGA", "name": "Ouganda"},
  {"code": "UMI", "name": "Îles mineures éloignées des États-Unis"},
  {"code": "USA", "name": "États-Unis"},
  {"code": "URY", "name": "Uruguay"},
  {"code": "UZB", "name": "Ouzbékistan"},
  {"code": "VAT", "name": "Saint-Siège"},
  {"code": "VCT", "name": "Saint-Vincent-et-les Grenadines"},
  {"code": "VEN", "name": "Venezuela"},
  {"code": "VGB", "name": "Îles Vierges britanniques"},
  {"code": "VIR", "name": "Îles Vierges des États-Unis"},
  {"code": "VNM", "name": "Viêt Nam"},
  {"code": "VUT", "name": "Vanuatu"},
  {"code": "WLF", "name": "Wallis-et-Futuna"},
  {"code": "WSM", "name": "Samoa"},
  {"code": "YEM", "name": "Yémen"},
  {"code": "MYT", "name": "Mayotte"},
  {"code": "ZAF", "name": "Afrique du Sud"},
  {"code": "ZMB", "name": "Zambie"},
  {"code": "ZWE", "name": "Zimbabwe"}
]